ObjID,FORMAT,x,y,z,xdot,ydot,zdot,epochMJD_TDB
STC001TFa,CART,36.701800449281706,-8.770729364,-0.626148867,0.000715558,0.002659394,7.344098975957749e-06,54466